{
    "last_node_id": 102,
    "last_link_id": 100,
    "nodes": [
        {
            "id": 1,
            "type": "CheckpointLoaderSimple",
            "pos": [
                50,
                50
            ],
            "size": {
                "0": 315,
                "1": 98
            },
            "outputs": [
                {
                    "name": "MODEL",
                    "type": "MODEL",
                    "links": [
                        1
                    ]
                },
                {
                    "name": "CLIP",
                    "type": "CLIP",
                    "links": [
                        3,
                        4
                    ]
                },
                {
                    "name": "VAE",
                    "type": "VAE",
                    "links": [
                        5
                    ]
                }
            ],
            "widgets_values": [
                "v1-5-pruned-emaonly.ckpt"
            ]
        },
        {
            "id": 2,
            "type": "EmptyLatentImage",
            "title": "Setup Latent (Run 0)",
            "pos": [
                50,
                250
            ],
            "outputs": [
                {
                    "name": "LATENT",
                    "type": "LATENT",
                    "links": [
                        10
                    ]
                }
            ],
            "widgets_values": [
                1024,
                1024,
                1
            ]
        },
        {
            "id": 3,
            "type": "H4_TrafficRouter",
            "title": "H4 Traffic Router (The Nexus)",
            "pos": [
                450,
                250
            ],
            "size": {
                "0": 350,
                "1": 150
            },
            "inputs": [
                {
                    "name": "first_run_in",
                    "type": "*",
                    "link": 10
                },
                {
                    "name": "loop_run_in",
                    "type": "*",
                    "link": null
                },
                {
                    "name": "restart",
                    "type": "BOOLEAN",
                    "widget": {
                        "name": "restart"
                    }
                }
            ],
            "outputs": [
                {
                    "name": "Dual_Out",
                    "type": "*",
                    "links": [],
                    "shape": 3
                },
                {
                    "name": "Run_Once_Out",
                    "type": "*",
                    "links": [
                        11
                    ],
                    "shape": 3
                },
                {
                    "name": "Loop_Out",
                    "type": "*",
                    "links": [
                        12
                    ],
                    "shape": 3
                }
            ],
            "widgets_values": [
                false
            ]
        },
        {
            "id": 6,
            "type": "KSampler",
            "title": "Sampler A (CREATOR - Run 0)",
            "pos": [
                900,
                100
            ],
            "inputs": [
                {
                    "name": "model",
                    "type": "MODEL",
                    "link": 1
                },
                {
                    "name": "positive",
                    "type": "CONDITIONING",
                    "link": 13
                },
                {
                    "name": "negative",
                    "type": "CONDITIONING",
                    "link": 15
                },
                {
                    "name": "latent_image",
                    "type": "LATENT",
                    "link": 11
                }
            ],
            "outputs": [
                {
                    "name": "LATENT",
                    "type": "LATENT",
                    "links": [
                        20
                    ]
                }
            ],
            "widgets_values": [
                12345,
                "randomize",
                20,
                8.0,
                "euler",
                "normal",
                1.00
            ]
        },
        {
            "id": 7,
            "type": "KSampler",
            "title": "Sampler B (REFINER - Run 1+)",
            "pos": [
                900,
                450
            ],
            "inputs": [
                {
                    "name": "model",
                    "type": "MODEL",
                    "link": 1
                },
                {
                    "name": "positive",
                    "type": "CONDITIONING",
                    "link": 13
                },
                {
                    "name": "negative",
                    "type": "CONDITIONING",
                    "link": 15
                },
                {
                    "name": "latent_image",
                    "type": "LATENT",
                    "link": 12
                }
            ],
            "outputs": [
                {
                    "name": "LATENT",
                    "type": "LATENT",
                    "links": [
                        21
                    ]
                }
            ],
            "widgets_values": [
                12345,
                "fixed",
                10,
                8.0,
                "euler",
                "normal",
                0.40
            ]
        },
        {
            "id": 4,
            "type": "CLIPTextEncode",
            "title": "Prompt",
            "pos": [
                450,
                50
            ],
            "outputs": [
                {
                    "name": "CONDITIONING",
                    "type": "CONDITIONING",
                    "links": [
                        13
                    ]
                }
            ],
            "widgets_values": [
                "masterpiece, loop"
            ]
        },
        {
            "id": 5,
            "type": "CLIPTextEncode",
            "title": "Negative",
            "pos": [
                450,
                450
            ],
            "outputs": [
                {
                    "name": "CONDITIONING",
                    "type": "CONDITIONING",
                    "links": [
                        15
                    ]
                }
            ],
            "widgets_values": [
                "blur"
            ]
        },
        {
            "id": 20,
            "type": "PreviewImage",
            "title": "Creator Output",
            "pos": [
                1300,
                100
            ],
            "inputs": [
                {
                    "name": "images",
                    "type": "IMAGE",
                    "link": 30
                }
            ]
        },
        {
            "id": 21,
            "type": "PreviewImage",
            "title": "Refiner Output (Connect Logic Loop Here)",
            "pos": [
                1300,
                450
            ],
            "inputs": [
                {
                    "name": "images",
                    "type": "IMAGE",
                    "link": 31
                }
            ]
        },
        {
            "id": 18,
            "type": "VAEDecode",
            "pos": [
                1250,
                300
            ],
            "title": "Decode Run 0",
            "inputs": [
                {
                    "name": "samples",
                    "type": "LATENT",
                    "link": 20
                },
                {
                    "name": "vae",
                    "type": "VAE",
                    "link": 5
                }
            ],
            "outputs": [
                {
                    "name": "IMAGE",
                    "type": "IMAGE",
                    "links": [
                        30
                    ]
                }
            ]
        },
        {
            "id": 19,
            "type": "VAEDecode",
            "pos": [
                1250,
                650
            ],
            "title": "Decode Run 1+",
            "inputs": [
                {
                    "name": "samples",
                    "type": "LATENT",
                    "link": 21
                },
                {
                    "name": "vae",
                    "type": "VAE",
                    "link": 5
                }
            ],
            "outputs": [
                {
                    "name": "IMAGE",
                    "type": "IMAGE",
                    "links": [
                        31
                    ]
                }
            ]
        },
        {
            "id": 100,
            "type": "Note",
            "title": "How to Close the Loop",
            "pos": [
                300,
                500
            ],
            "size": [
                "300",
                "200"
            ],
            "widgets_values": [
                "🔁 CLOSING THE LOOP:\n\n1. The 'Run 0' Sampler creates the base.\n2. The 'Loop' Sampler refines it.\n3. To make this loop continuously:\n   - Connect the Refiner Output LATENT back to Router 'Loop Input'.\n   - Requires a 'Wireless Receiver' or a 'Use Everywhere' node to bridge the gap without Red Wires."
            ]
        }
    ],
    "links": [
        [
            1,
            1,
            0,
            6,
            0,
            "MODEL"
        ],
        [
            2,
            1,
            0,
            7,
            0,
            "MODEL"
        ],
        [
            3,
            1,
            1,
            4,
            0,
            "CLIP"
        ],
        [
            4,
            1,
            1,
            5,
            0,
            "CLIP"
        ],
        [
            5,
            1,
            2,
            18,
            1,
            "VAE"
        ],
        [
            6,
            1,
            2,
            19,
            1,
            "VAE"
        ],
        [
            10,
            2,
            0,
            3,
            0,
            "*"
        ],
        [
            11,
            3,
            1,
            6,
            3,
            "LATENT"
        ],
        [
            12,
            3,
            2,
            7,
            3,
            "LATENT"
        ],
        [
            13,
            4,
            0,
            6,
            1,
            "CONDITIONING"
        ],
        [
            14,
            4,
            0,
            7,
            1,
            "CONDITIONING"
        ],
        [
            15,
            5,
            0,
            6,
            2,
            "CONDITIONING"
        ],
        [
            16,
            5,
            0,
            7,
            2,
            "CONDITIONING"
        ],
        [
            20,
            6,
            0,
            18,
            0,
            "LATENT"
        ],
        [
            21,
            7,
            0,
            19,
            0,
            "LATENT"
        ],
        [
            30,
            18,
            0,
            20,
            0,
            "IMAGE"
        ],
        [
            31,
            19,
            0,
            21,
            0,
            "IMAGE"
        ]
    ],
    "version": 0.4
}