{
    "last_node_id": 102,
    "last_link_id": 50,
    "nodes": [
        {
            "id": 1,
            "type": "CheckpointLoaderSimple",
            "pos": [
                50,
                50
            ],
            "size": {
                "0": 315,
                "1": 98
            },
            "order": 0,
            "mode": 0,
            "outputs": [
                {
                    "name": "MODEL",
                    "type": "MODEL",
                    "links": [
                        1
                    ]
                },
                {
                    "name": "CLIP",
                    "type": "CLIP",
                    "links": [
                        3,
                        4
                    ]
                },
                {
                    "name": "VAE",
                    "type": "VAE",
                    "links": [
                        5
                    ]
                }
            ],
            "widgets_values": [
                "v1-5-pruned-emaonly.ckpt"
            ]
        },
        {
            "id": 2,
            "type": "EmptyLatentImage",
            "title": "Setup Latent (Run 0)",
            "pos": [
                50,
                250
            ],
            "size": {
                "0": 315,
                "1": 106
            },
            "order": 1,
            "mode": 0,
            "outputs": [
                {
                    "name": "LATENT",
                    "type": "LATENT",
                    "links": [
                        10
                    ]
                }
            ],
            "widgets_values": [
                1024,
                1024,
                1
            ]
        },
        {
            "id": 102,
            "type": "EmptyLatentImage",
            "title": "Loop Latent (Run 1+)",
            "pos": [
                50,
                420
            ],
            "size": {
                "0": 315,
                "1": 106
            },
            "order": 2,
            "mode": 0,
            "outputs": [
                {
                    "name": "LATENT",
                    "type": "LATENT",
                    "links": [
                        30
                    ]
                }
            ],
            "widgets_values": [
                1024,
                1024,
                1
            ]
        },
        {
            "id": 3,
            "type": "H4_TrafficRouter",
            "title": "H4 Traffic Router (The Nexus)",
            "pos": [
                450,
                250
            ],
            "size": {
                "0": 350,
                "1": 150
            },
            "order": 3,
            "mode": 0,
            "inputs": [
                {
                    "name": "first_run_in",
                    "type": "*",
                    "link": 10
                },
                {
                    "name": "loop_run_in",
                    "type": "*",
                    "link": 30
                },
                {
                    "name": "restart",
                    "type": "BOOLEAN",
                    "widget": {
                        "name": "restart"
                    }
                }
            ],
            "outputs": [
                {
                    "name": "Dual_Out",
                    "type": "*",
                    "links": [
                        11
                    ],
                    "shape": 3
                },
                {
                    "name": "Run_Once_Out",
                    "type": "*",
                    "links": null,
                    "shape": 3
                },
                {
                    "name": "Loop_Out",
                    "type": "*",
                    "links": null,
                    "shape": 3
                }
            ],
            "widgets_values": [
                false
            ]
        },
        {
            "id": 4,
            "type": "CLIPTextEncode",
            "pos": [
                450,
                50
            ],
            "size": {
                "0": 400,
                "1": 100
            },
            "order": 4,
            "mode": 0,
            "inputs": [
                {
                    "name": "clip",
                    "type": "CLIP",
                    "link": 3
                }
            ],
            "outputs": [
                {
                    "name": "CONDITIONING",
                    "type": "CONDITIONING",
                    "links": [
                        13
                    ]
                }
            ],
            "widgets_values": [
                "safe workflow, merged logic"
            ]
        },
        {
            "id": 5,
            "type": "CLIPTextEncode",
            "pos": [
                450,
                450
            ],
            "size": {
                "0": 400,
                "1": 100
            },
            "order": 5,
            "mode": 0,
            "inputs": [
                {
                    "name": "clip",
                    "type": "CLIP",
                    "link": 4
                }
            ],
            "outputs": [
                {
                    "name": "CONDITIONING",
                    "type": "CONDITIONING",
                    "links": [
                        15
                    ]
                }
            ],
            "widgets_values": [
                "bad quality"
            ]
        },
        {
            "id": 6,
            "type": "KSampler",
            "pos": [
                900,
                200
            ],
            "size": {
                "0": 315,
                "1": 262
            },
            "order": 6,
            "mode": 0,
            "inputs": [
                {
                    "name": "model",
                    "type": "MODEL",
                    "link": 1
                },
                {
                    "name": "positive",
                    "type": "CONDITIONING",
                    "link": 13
                },
                {
                    "name": "negative",
                    "type": "CONDITIONING",
                    "link": 15
                },
                {
                    "name": "latent_image",
                    "type": "LATENT",
                    "link": 11
                }
            ],
            "outputs": [
                {
                    "name": "LATENT",
                    "type": "LATENT",
                    "links": [
                        20
                    ]
                }
            ],
            "widgets_values": [
                12345,
                "randomize",
                20,
                8.0,
                "euler",
                "normal",
                1.00
            ]
        },
        {
            "id": 8,
            "type": "VAEDecode",
            "pos": [
                1250,
                200
            ],
            "size": {
                "0": 210,
                "1": 46
            },
            "order": 7,
            "mode": 0,
            "inputs": [
                {
                    "name": "samples",
                    "type": "LATENT",
                    "link": 20
                },
                {
                    "name": "vae",
                    "type": "VAE",
                    "link": 5
                }
            ],
            "outputs": [
                {
                    "name": "IMAGE",
                    "type": "IMAGE",
                    "links": [
                        22
                    ]
                }
            ]
        },
        {
            "id": 10,
            "type": "SaveImage",
            "pos": [
                1500,
                200
            ],
            "size": {
                "0": 315,
                "1": 270
            },
            "order": 8,
            "mode": 0,
            "inputs": [
                {
                    "name": "images",
                    "type": "IMAGE",
                    "link": 22
                }
            ],
            "widgets_values": [
                "ComfyUI"
            ]
        },
        {
            "id": 99,
            "type": "H4_StateMonitor",
            "pos": [
                50,
                600
            ],
            "size": {
                "0": 200,
                "1": 100
            },
            "order": 9,
            "mode": 0,
            "inputs": [],
            "outputs": [
                {
                    "name": "loop_count_number",
                    "type": "INT",
                    "links": [],
                    "shape": 3
                }
            ]
        },
        {
            "id": 100,
            "type": "Note",
            "title": "Traffic Router Demo",
            "pos": [
                900,
                50
            ],
            "size": [
                "300",
                "150"
            ],
            "order": 10,
            "mode": 0,
            "widgets_values": [
                "🚦 THE NEXUS ROUTER:\n\n1. Connect 'First Run' to Input A.\n2. Connect 'Loop Run' to Input B.\n\nThe 'Dual Output' merges them automatically!\n- Run 0: Uses Input A.\n- Run 1+: Uses Input B."
            ]
        }
    ],
    "links": [
        [
            1,
            1,
            0,
            6,
            0,
            "MODEL"
        ],
        [
            3,
            1,
            1,
            4,
            0,
            "CLIP"
        ],
        [
            4,
            1,
            1,
            5,
            0,
            "CLIP"
        ],
        [
            5,
            1,
            2,
            8,
            1,
            "VAE"
        ],
        [
            10,
            2,
            0,
            3,
            0,
            "*"
        ],
        [
            30,
            102,
            0,
            3,
            1,
            "*"
        ],
        [
            11,
            3,
            0,
            6,
            3,
            "LATENT"
        ],
        [
            13,
            4,
            0,
            6,
            1,
            "CONDITIONING"
        ],
        [
            15,
            5,
            0,
            6,
            2,
            "CONDITIONING"
        ],
        [
            20,
            6,
            0,
            8,
            0,
            "LATENT"
        ],
        [
            22,
            8,
            0,
            10,
            0,
            "IMAGE"
        ]
    ],
    "version": 0.4
}