{
    "last_node_id": 2,
    "last_link_id": 1,
    "nodes": [
        {
            "id": 1,
            "type": "H4_Gridinator",
            "pos": [
                100,
                100
            ],
            "size": [
                400,
                850
            ],
            "flags": {},
            "order": 0,
            "mode": 0,
            "inputs": [],
            "outputs": [
                {
                    "name": "Grid_Image",
                    "type": "IMAGE",
                    "links": [
                        1
                    ],
                    "slot_index": 0
                }
            ],
            "properties": {
                "Node name for S&R": "H4_Gridinator"
            },
            "widgets_values": [
                "v1-5-pruned-emaonly.ckpt",
                "",
                1024,
                1024,
                1,
                "An epic photo of a cybernetic robot in a neon city, 8k, detailed",
                "blurry, low quality, watermark",
                0,
                "fixed",
                20,
                7.0,
                "euler",
                "normal",
                1.0,
                "CFG",
                "5.0, 7.0, 9.0",
                "",
                "Steps",
                "15, 20, 25",
                "",
                "None",
                "",
                "",
                "Off",
                false,
                0.2,
                0.8,
                10,
                30,
                4,
                40,
                "white",
                "black"
            ]
        },
        {
            "id": 2,
            "type": "PreviewImage",
            "pos": [
                550,
                100
            ],
            "size": [
                500,
                500
            ],
            "flags": {},
            "order": 1,
            "mode": 0,
            "inputs": [
                {
                    "name": "images",
                    "type": "IMAGE",
                    "link": 1
                }
            ],
            "outputs": [],
            "properties": {
                "Node name for S&R": "PreviewImage"
            },
            "widgets_values": []
        }
    ],
    "links": [
        [
            1,
            1,
            0,
            2,
            0,
            "IMAGE"
        ]
    ],
    "groups": [],
    "config": {},
    "extra": {},
    "version": 0.4
}