{
  "id": "0ff42e8e-9075-4284-abd2-0a23c1a8bce1",
  "revision": 0,
  "last_node_id": 264,
  "last_link_id": 384,
  "nodes": [
    {
      "id": 167,
      "type": "SaveImage",
      "pos": [
        6.485607785180003,
        -1362.064723256301
      ],
      "size": [
        672.2686178010322,
        836.155832460712
      ],
      "flags": {},
      "order": 25,
      "mode": 0,
      "inputs": [
        {
          "name": "images",
          "type": "IMAGE",
          "link": 298
        }
      ],
      "outputs": [],
      "properties": {},
      "widgets_values": [
        "h4_Gen_Test_Loop"
      ]
    },
    {
      "id": 218,
      "type": "KSampler",
      "pos": [
        -506.68819779128495,
        -1331.407657851366
      ],
      "size": [
        475.5010759999998,
        605.095514
      ],
      "flags": {},
      "order": 22,
      "mode": 0,
      "inputs": [
        {
          "name": "model",
          "type": "MODEL",
          "link": 376
        },
        {
          "name": "positive",
          "type": "CONDITIONING",
          "link": 375
        },
        {
          "name": "negative",
          "type": "CONDITIONING",
          "link": 378
        },
        {
          "name": "latent_image",
          "type": "LATENT",
          "link": 343
        }
      ],
      "outputs": [
        {
          "name": "LATENT",
          "type": "LATENT",
          "links": [
            297,
            383
          ]
        }
      ],
      "properties": {
        "Node name for S&R": "KSampler"
      },
      "widgets_values": [
        906889167918191,
        "randomize",
        35,
        3.5,
        "dpmpp_2m",
        "karras",
        1
      ]
    },
    {
      "id": 220,
      "type": "CLIPTextEncode",
      "pos": [
        -3079.1426552374187,
        -1247.3220226114697
      ],
      "size": [
        400,
        200
      ],
      "flags": {},
      "order": 6,
      "mode": 0,
      "inputs": [
        {
          "name": "clip",
          "type": "CLIP",
          "link": 294
        }
      ],
      "outputs": [
        {
          "name": "CONDITIONING",
          "type": "CONDITIONING",
          "links": [
            319
          ]
        }
      ],
      "properties": {
        "Node name for S&R": "CLIPTextEncode"
      },
      "widgets_values": [
        "Close up shot of a beautiful goth womans face her hands in front of her face holding a tesseract, inside the tesseract is a spiral galaxy"
      ]
    },
    {
      "id": 221,
      "type": "CLIPTextEncode",
      "pos": [
        -2888.881723713971,
        -947.1599946017234
      ],
      "size": [
        400,
        200
      ],
      "flags": {
        "collapsed": true
      },
      "order": 7,
      "mode": 0,
      "inputs": [
        {
          "name": "clip",
          "type": "CLIP",
          "link": 295
        }
      ],
      "outputs": [
        {
          "name": "CONDITIONING",
          "type": "CONDITIONING",
          "links": [
            320
          ]
        }
      ],
      "title": "NEGATIVE",
      "properties": {
        "Node name for S&R": "CLIPTextEncode"
      },
      "widgets_values": [
        "blurry, bad quality, low resolution, poor quality, broken fingers, extra fingers, extra limbs, extra digits, fused fingers, fused digits, boring, cross-eyed, watermark, signature, writing, text, copyright, trademark, logo, branding"
      ]
    },
    {
      "id": 222,
      "type": "EmptyLatentImage",
      "pos": [
        -3451.9390151917187,
        -888.0016404111667
      ],
      "size": [
        270,
        106
      ],
      "flags": {},
      "order": 0,
      "mode": 0,
      "inputs": [],
      "outputs": [
        {
          "name": "LATENT",
          "type": "LATENT",
          "links": [
            321
          ]
        }
      ],
      "properties": {
        "Node name for S&R": "EmptyLatentImage"
      },
      "widgets_values": [
        768,
        512,
        1
      ]
    },
    {
      "id": 223,
      "type": "CheckpointLoaderSimple",
      "pos": [
        -3447.5378880769404,
        -1036.3922988524766
      ],
      "size": [
        270,
        98
      ],
      "flags": {},
      "order": 1,
      "mode": 0,
      "inputs": [],
      "outputs": [
        {
          "name": "MODEL",
          "type": "MODEL",
          "links": [
            316
          ]
        },
        {
          "name": "CLIP",
          "type": "CLIP",
          "links": [
            294,
            295,
            317
          ]
        },
        {
          "name": "VAE",
          "type": "VAE",
          "links": [
            318
          ]
        }
      ],
      "properties": {
        "Node name for S&R": "CheckpointLoaderSimple"
      },
      "widgets_values": [
        "XL\\h4_RepentXL.safetensors"
      ]
    },
    {
      "id": 224,
      "type": "VAEDecode",
      "pos": [
        8.379954104771025,
        -1480.403471284161
      ],
      "size": [
        140,
        46
      ],
      "flags": {},
      "order": 23,
      "mode": 0,
      "inputs": [
        {
          "name": "samples",
          "type": "LATENT",
          "link": 297
        },
        {
          "name": "vae",
          "type": "VAE",
          "link": 377
        }
      ],
      "outputs": [
        {
          "name": "IMAGE",
          "type": "IMAGE",
          "links": [
            298
          ]
        }
      ],
      "properties": {
        "Node name for S&R": "VAEDecode"
      },
      "widgets_values": []
    },
    {
      "id": 231,
      "type": "Note",
      "pos": [
        -1047.5465367909746,
        -1134.3309742673446
      ],
      "size": [
        485.08519637272707,
        250.15148522909112
      ],
      "flags": {},
      "order": 5,
      "mode": 0,
      "inputs": [],
      "outputs": [],
      "title": "HEY .. HEY YOU... READ THIS <3",
      "properties": {},
      "widgets_values": [
        "CONTEXT CONTROL SYSTEM\n\nIt's best if you read the READ ME for this one\n\nHowever\n\nIt's a contetxt controller - allows you to manage your wires and move certain\ndata to anywhere you want. Or all at once\n\nI've created this workflow as an example of it and made a debugging grid to show EXACTLY what's getting passed so you can just get an at a glance look at what this does. \n\n"
      ],
      "color": "#432",
      "bgcolor": "#653"
    },
    {
      "id": 234,
      "type": "H4_ContextHub",
      "pos": [
        -2496.148241812968,
        -1091.6580548450227
      ],
      "size": [
        232.987890625,
        226
      ],
      "flags": {},
      "order": 10,
      "mode": 0,
      "inputs": [
        {
          "name": "base_pipe",
          "shape": 7,
          "type": "H4_PIPE",
          "link": null
        },
        {
          "name": "model",
          "shape": 7,
          "type": "MODEL",
          "link": 316
        },
        {
          "name": "vae",
          "shape": 7,
          "type": "VAE",
          "link": 318
        },
        {
          "name": "clip",
          "shape": 7,
          "type": "CLIP",
          "link": 317
        },
        {
          "name": "positive",
          "shape": 7,
          "type": "CONDITIONING",
          "link": 319
        },
        {
          "name": "negative",
          "shape": 7,
          "type": "CONDITIONING",
          "link": 320
        },
        {
          "name": "latent",
          "shape": 7,
          "type": "LATENT",
          "link": 321
        },
        {
          "name": "image",
          "shape": 7,
          "type": "IMAGE",
          "link": null
        },
        {
          "name": "mask",
          "shape": 7,
          "type": "MASK",
          "link": null
        },
        {
          "name": "any_A",
          "shape": 7,
          "type": "*",
          "link": null
        },
        {
          "name": "any_B",
          "shape": 7,
          "type": "*",
          "link": null
        }
      ],
      "outputs": [
        {
          "name": "h4_pipe",
          "type": "H4_PIPE",
          "links": [
            374
          ]
        },
        {
          "name": "model",
          "type": "MODEL",
          "links": [
            370
          ]
        },
        {
          "name": "vae",
          "type": "VAE",
          "links": [
            371
          ]
        },
        {
          "name": "clip",
          "type": "CLIP",
          "links": [
            369
          ]
        },
        {
          "name": "positive",
          "type": "CONDITIONING",
          "links": [
            368
          ]
        },
        {
          "name": "negative",
          "type": "CONDITIONING",
          "links": [
            372
          ]
        },
        {
          "name": "latent",
          "type": "LATENT",
          "links": [
            373
          ]
        },
        {
          "name": "image",
          "type": "IMAGE",
          "links": [
            367
          ]
        },
        {
          "name": "mask",
          "type": "MASK",
          "links": null
        },
        {
          "name": "any_A",
          "type": "*",
          "links": null
        },
        {
          "name": "any_B",
          "type": "*",
          "links": null
        }
      ],
      "properties": {
        "Node name for S&R": "H4_ContextHub"
      },
      "widgets_values": []
    },
    {
      "id": 242,
      "type": "H4_ContextUnpack",
      "pos": [
        -1842.5738639204194,
        -840.0910197003565
      ],
      "size": [
        251.089453125,
        206
      ],
      "flags": {},
      "order": 19,
      "mode": 0,
      "inputs": [
        {
          "name": "h4_pipe",
          "type": "H4_PIPE",
          "link": 379
        }
      ],
      "outputs": [
        {
          "name": "model",
          "type": "MODEL",
          "links": [
            347
          ]
        },
        {
          "name": "vae",
          "type": "VAE",
          "links": [
            346
          ]
        },
        {
          "name": "clip",
          "type": "CLIP",
          "links": null
        },
        {
          "name": "positive",
          "type": "CONDITIONING",
          "links": [
            348
          ]
        },
        {
          "name": "negative",
          "type": "CONDITIONING",
          "links": [
            349
          ]
        },
        {
          "name": "latent",
          "type": "LATENT",
          "links": [
            342
          ]
        },
        {
          "name": "image",
          "type": "IMAGE",
          "links": null
        },
        {
          "name": "mask",
          "type": "MASK",
          "links": []
        },
        {
          "name": "any_A",
          "type": "*",
          "links": [
            366
          ]
        },
        {
          "name": "any_B",
          "type": "*",
          "links": []
        }
      ],
      "properties": {
        "Node name for S&R": "H4_ContextUnpack"
      },
      "widgets_values": []
    },
    {
      "id": 244,
      "type": "H4_TrafficCop",
      "pos": [
        -1346.4374322984677,
        -1226.8166742981118
      ],
      "size": [
        249.5309765625001,
        78
      ],
      "flags": {},
      "order": 20,
      "mode": 0,
      "inputs": [
        {
          "name": "any_input",
          "type": "*",
          "link": 342
        }
      ],
      "outputs": [
        {
          "name": "Run_Once_(Start)",
          "type": "*",
          "links": [
            343
          ]
        },
        {
          "name": "Loop_(Continue)",
          "type": "*",
          "links": []
        }
      ],
      "properties": {
        "Node name for S&R": "H4_TrafficCop"
      },
      "widgets_values": [
        false
      ]
    },
    {
      "id": 245,
      "type": "KSampler",
      "pos": [
        -507.01219779128496,
        -671.5556578513663
      ],
      "size": [
        475.5010759999998,
        605.095514
      ],
      "flags": {},
      "order": 2,
      "mode": 0,
      "inputs": [
        {
          "name": "model",
          "type": "MODEL",
          "link": null
        },
        {
          "name": "positive",
          "type": "CONDITIONING",
          "link": null
        },
        {
          "name": "negative",
          "type": "CONDITIONING",
          "link": null
        },
        {
          "name": "latent_image",
          "type": "LATENT",
          "link": null
        }
      ],
      "outputs": [
        {
          "name": "LATENT",
          "type": "LATENT",
          "links": []
        }
      ],
      "properties": {
        "Node name for S&R": "KSampler"
      },
      "widgets_values": [
        843021124438959,
        "randomize",
        35,
        3.5,
        "dpmpp_2m",
        "karras",
        0.25
      ]
    },
    {
      "id": 246,
      "type": "SaveImage",
      "pos": [
        17.762464538621984,
        -386.25930033139196
      ],
      "size": [
        672.2686178010322,
        836.155832460712
      ],
      "flags": {},
      "order": 28,
      "mode": 0,
      "inputs": [
        {
          "name": "images",
          "type": "IMAGE",
          "link": 345
        }
      ],
      "outputs": [],
      "properties": {},
      "widgets_values": [
        "h4_Gen_Test_Loop"
      ]
    },
    {
      "id": 247,
      "type": "KSampler",
      "pos": [
        -507.01219779128496,
        -671.5556578513663
      ],
      "size": [
        475.5010759999998,
        605.095514
      ],
      "flags": {},
      "order": 26,
      "mode": 0,
      "inputs": [
        {
          "name": "model",
          "type": "MODEL",
          "link": 347
        },
        {
          "name": "positive",
          "type": "CONDITIONING",
          "link": 348
        },
        {
          "name": "negative",
          "type": "CONDITIONING",
          "link": 349
        },
        {
          "name": "latent_image",
          "type": "LATENT",
          "link": 384
        }
      ],
      "outputs": [
        {
          "name": "LATENT",
          "type": "LATENT",
          "links": [
            344
          ]
        }
      ],
      "properties": {
        "Node name for S&R": "KSampler"
      },
      "widgets_values": [
        734871964569696,
        "randomize",
        35,
        3.5,
        "dpmpp_2m",
        "karras",
        0.25
      ]
    },
    {
      "id": 248,
      "type": "VAEDecode",
      "pos": [
        104.47706833813541,
        -478.1636232015111
      ],
      "size": [
        140,
        46
      ],
      "flags": {},
      "order": 27,
      "mode": 0,
      "inputs": [
        {
          "name": "samples",
          "type": "LATENT",
          "link": 344
        },
        {
          "name": "vae",
          "type": "VAE",
          "link": 346
        }
      ],
      "outputs": [
        {
          "name": "IMAGE",
          "type": "IMAGE",
          "links": [
            345
          ]
        }
      ],
      "properties": {
        "Node name for S&R": "VAEDecode"
      },
      "widgets_values": []
    },
    {
      "id": 250,
      "type": "H4_SmartConsole",
      "pos": [
        -1451.781490208549,
        -1847.900077446399
      ],
      "size": [
        400,
        250
      ],
      "flags": {},
      "order": 21,
      "mode": 0,
      "inputs": [
        {
          "name": "Anything In",
          "shape": 7,
          "type": "*",
          "link": 366
        }
      ],
      "outputs": [
        {
          "name": "Anything Out",
          "type": "*",
          "links": []
        }
      ],
      "title": "CONDITIONING - DEBUG",
      "properties": {
        "Node name for S&R": "H4_SmartConsole"
      },
      "widgets_values": [
        true,
        "[06:20:39] 🔥 TYPE: NoneType\nAttributes: []...\nType: <class 'NoneType'>\nID: 140709584152352\nString Rep: None"
      ]
    },
    {
      "id": 251,
      "type": "H4_SmartConsole",
      "pos": [
        -1460.4142438109345,
        -2171.0855829443126
      ],
      "size": [
        400,
        250
      ],
      "flags": {},
      "order": 18,
      "mode": 0,
      "inputs": [
        {
          "name": "Anything In",
          "shape": 7,
          "type": "*",
          "link": 367
        }
      ],
      "outputs": [
        {
          "name": "Anything Out",
          "type": "*",
          "links": []
        }
      ],
      "title": "IMAGE DEBUG",
      "properties": {
        "Node name for S&R": "H4_SmartConsole"
      },
      "widgets_values": [
        true,
        "[06:20:39] 🔥 TYPE: NoneType\nAttributes: []...\nType: <class 'NoneType'>\nID: 140709584152352\nString Rep: None"
      ]
    },
    {
      "id": 252,
      "type": "H4_SmartConsole",
      "pos": [
        -1967.3112275593314,
        -2168.1209451166105
      ],
      "size": [
        400,
        250
      ],
      "flags": {},
      "order": 15,
      "mode": 0,
      "inputs": [
        {
          "name": "Anything In",
          "shape": 7,
          "type": "*",
          "link": 368
        }
      ],
      "outputs": [
        {
          "name": "Anything Out",
          "type": "*",
          "links": [
            375
          ]
        }
      ],
      "title": "CONDITIONING + DEBUG",
      "properties": {
        "Node name for S&R": "H4_SmartConsole"
      },
      "widgets_values": [
        true,
        "[06:20:39] 🔥 TYPE: list\nLength: 1\nItem 0 Type: list\n[0]: [tensor([[[-2.1160, -1.6972,  2.5168,  ...,  0.164..."
      ]
    },
    {
      "id": 253,
      "type": "H4_SmartConsole",
      "pos": [
        -1962.5771351266296,
        -2545.3390601416127
      ],
      "size": [
        400,
        250
      ],
      "flags": {},
      "order": 14,
      "mode": 0,
      "inputs": [
        {
          "name": "Anything In",
          "shape": 7,
          "type": "*",
          "link": 369
        }
      ],
      "outputs": [
        {
          "name": "Anything Out",
          "type": "*",
          "links": []
        }
      ],
      "title": "CLIP DEBUG",
      "properties": {
        "Node name for S&R": "H4_SmartConsole"
      },
      "widgets_values": [
        true,
        "[06:20:39] 🔥 TYPE: CLIP\nAttributes: ['add_hooks_to_dict', 'add_patches', 'apply_hooks_to_conds', 'clip_layer', 'clone', 'cond_stage_model', 'encode', 'encode_from_tokens', 'encode_from_tokens_scheduled', 'get_key_patches', 'get_ram_usage', 'get_sd', 'layer_idx', 'load_model', 'load_sd', 'patcher', 'set_tokenizer_option', 'tokenize', 'tokenizer', 'tokenizer_options', 'use_clip_schedule']...\nType: <class 'comfy.sd.CLIP'>\nID: 1938094679936\nString Rep: <comfy.sd.CLIP object at 0x000001C33F71E780>"
      ]
    },
    {
      "id": 254,
      "type": "H4_SmartConsole",
      "pos": [
        -2475.503846601733,
        -2545.6637851553105
      ],
      "size": [
        400,
        250
      ],
      "flags": {},
      "order": 12,
      "mode": 0,
      "inputs": [
        {
          "name": "Anything In",
          "shape": 7,
          "type": "*",
          "link": 370
        }
      ],
      "outputs": [
        {
          "name": "Anything Out",
          "type": "*",
          "links": [
            376
          ]
        }
      ],
      "title": "MODEL DEBUG",
      "properties": {
        "Node name for S&R": "H4_SmartConsole"
      },
      "widgets_values": [
        true,
        "[06:20:39] 🔥 TYPE: ModelPatcher\nAttributes: ['_load_list', 'add_callback', 'add_callback_with_key', 'add_hook_patches', 'add_object_patch', 'add_patches', 'add_weight_wrapper', 'add_wrapper', 'add_wrapper_with_key', 'additional_models', 'apply_hooks', 'attachments', 'backup', 'cached_hook_patches', 'calculate_weight', 'callbacks', 'clean_hooks', 'cleanup', 'clear_cached_hook_weights', 'clone', 'clone_has_same_weights', 'current_hooks', 'current_loaded_device', 'detach', 'eject_model', 'force_cast_weights', 'forced_hooks', 'get_additional_models', 'get_additional_models_with_key', 'get_all_callbacks', 'get_all_wrappers', 'get_attachment', 'get_callbacks', 'get_combined_hook_patches', 'get_injections', 'get_key_patches', 'get_model_object', 'get_nested_additional_models', 'get_ram_usage', 'get_wrappers', 'hook_backup', 'hook_mode', 'hook_patches', 'hook_patches_backup', 'inject_model', 'injections', 'is_clip', 'is_clone', 'is_injected', 'load']...\nType: <class 'comfy.model_patcher.ModelPatcher'>\nID: 1938093726736\nString Rep: <comfy.model_patcher.ModelPatcher object at 0x000001C33F635C10>"
      ]
    },
    {
      "id": 255,
      "type": "H4_SmartConsole",
      "pos": [
        -1472.2802218188363,
        -2540.6050197630107
      ],
      "size": [
        400,
        250
      ],
      "flags": {},
      "order": 13,
      "mode": 0,
      "inputs": [
        {
          "name": "Anything In",
          "shape": 7,
          "type": "*",
          "link": 371
        }
      ],
      "outputs": [
        {
          "name": "Anything Out",
          "type": "*",
          "links": [
            377
          ]
        }
      ],
      "title": "VAE DEBUG",
      "properties": {
        "Node name for S&R": "H4_SmartConsole"
      },
      "widgets_values": [
        true,
        "[06:20:39] 🔥 TYPE: VAE\nAttributes: ['crop_input', 'decode', 'decode_tiled', 'decode_tiled_', 'decode_tiled_1d', 'decode_tiled_3d', 'device', 'disable_offload', 'downscale_index_formula', 'downscale_ratio', 'encode', 'encode_tiled', 'encode_tiled_', 'encode_tiled_1d', 'encode_tiled_3d', 'extra_1d_channel', 'first_stage_model', 'get_ram_usage', 'get_sd', 'latent_channels', 'latent_dim', 'memory_used_decode', 'memory_used_encode', 'model_size', 'not_video', 'output_channels', 'output_device', 'pad_channel_value', 'patcher', 'process_input', 'process_output', 'size', 'spacial_compression_decode', 'spacial_compression_encode', 'temporal_compression_decode', 'throw_exception_if_invalid', 'upscale_index_formula', 'upscale_ratio', 'vae_dtype', 'vae_encode_crop_pixels', 'working_dtypes']...\nType: <class 'comfy.sd.VAE'>\nID: 1932813935744\nString Rep: <comfy.sd.VAE object at 0x000001C204B02480>"
      ]
    },
    {
      "id": 256,
      "type": "H4_SmartConsole",
      "pos": [
        -1962.3112275593312,
        -1853.3609451166083
      ],
      "size": [
        400,
        250
      ],
      "flags": {},
      "order": 16,
      "mode": 0,
      "inputs": [
        {
          "name": "Anything In",
          "shape": 7,
          "type": "*",
          "link": 372
        }
      ],
      "outputs": [
        {
          "name": "Anything Out",
          "type": "*",
          "links": [
            378
          ]
        }
      ],
      "title": "CONDITIONING - DEBUG",
      "properties": {
        "Node name for S&R": "H4_SmartConsole"
      },
      "widgets_values": [
        true,
        "[06:20:39] 🔥 TYPE: list\nLength: 1\nItem 0 Type: list\n[0]: [tensor([[[-2.1160, -1.6972,  2.5168,  ...,  0.164..."
      ]
    },
    {
      "id": 257,
      "type": "H4_SmartConsole",
      "pos": [
        -2486.5677453636326,
        -2172.73116534231
      ],
      "size": [
        400,
        250
      ],
      "flags": {},
      "order": 17,
      "mode": 0,
      "inputs": [
        {
          "name": "Anything In",
          "shape": 7,
          "type": "*",
          "link": 373
        }
      ],
      "outputs": [
        {
          "name": "Anything Out",
          "type": "*",
          "links": []
        }
      ],
      "title": "LATENT DEBUG",
      "properties": {
        "Node name for S&R": "H4_SmartConsole"
      },
      "widgets_values": [
        true,
        "[06:20:39] 🔥 TYPE: dict\nKeys (1): ['samples']...\nLatent Shape: [1, 4, 64, 96]\nKey 'samples': Tensor"
      ]
    },
    {
      "id": 258,
      "type": "H4_SmartConsole",
      "pos": [
        -2484.187494441982,
        -1847.1880058916706
      ],
      "size": [
        400,
        250
      ],
      "flags": {},
      "order": 11,
      "mode": 0,
      "inputs": [
        {
          "name": "Anything In",
          "shape": 7,
          "type": "*",
          "link": 374
        }
      ],
      "outputs": [
        {
          "name": "Anything Out",
          "type": "*",
          "links": [
            379
          ]
        }
      ],
      "title": "H4 PIPE OUT DEBUG",
      "properties": {
        "Node name for S&R": "H4_SmartConsole"
      },
      "widgets_values": [
        true,
        "[06:20:39] 🔥 TYPE: dict\nKeys (6): ['model', 'vae', 'clip', 'positive', 'negative']...\nKey 'model': ModelPatcher\nKey 'vae': VAE\nKey 'clip': CLIP\nKey 'positive': list\nKey 'negative': list\nKey 'latent': dict"
      ]
    },
    {
      "id": 259,
      "type": "H4_WirelessResetButton",
      "pos": [
        -3130.049423455502,
        -1650.4337335920352
      ],
      "size": [
        278.1265625,
        58
      ],
      "flags": {},
      "order": 4,
      "mode": 0,
      "inputs": [],
      "outputs": [
        {
          "name": "reset_status",
          "type": "STRING",
          "links": [
            380
          ]
        }
      ],
      "properties": {
        "Node name for S&R": "H4_WirelessResetButton"
      },
      "widgets_values": [
        false
      ]
    },
    {
      "id": 260,
      "type": "H4_LoopIncrementer",
      "pos": [
        -3134.765318837501,
        -1780.1208565970358
      ],
      "size": [
        296.679296875,
        58
      ],
      "flags": {},
      "order": 9,
      "mode": 0,
      "inputs": [
        {
          "name": "pulse",
          "type": "*",
          "link": 380
        }
      ],
      "outputs": [
        {
          "name": "pass_through",
          "type": "*",
          "links": null
        }
      ],
      "properties": {
        "Node name for S&R": "H4_LoopIncrementer"
      },
      "widgets_values": [
        false
      ]
    },
    {
      "id": 261,
      "type": "H4_StateMonitor",
      "pos": [
        -3122.2425251070945,
        -1533.361376193858
      ],
      "size": [
        193.892578125,
        46
      ],
      "flags": {},
      "order": 3,
      "mode": 0,
      "inputs": [
        {
          "name": "Any_In",
          "shape": 7,
          "type": "*",
          "link": null
        }
      ],
      "outputs": [
        {
          "name": "loop_count_number",
          "type": "INT",
          "links": [
            382
          ]
        },
        {
          "name": "Any_Pass",
          "type": "*",
          "links": null
        }
      ],
      "properties": {
        "Node name for S&R": "H4_StateMonitor"
      },
      "widgets_values": []
    },
    {
      "id": 263,
      "type": "H4_SmartConsole",
      "pos": [
        -2794.6420398965247,
        -1746.7334604371267
      ],
      "size": [
        211.81818181818198,
        224.54545454545473
      ],
      "flags": {},
      "order": 8,
      "mode": 0,
      "inputs": [
        {
          "name": "Anything In",
          "shape": 7,
          "type": "*",
          "link": 382
        }
      ],
      "outputs": [
        {
          "name": "Anything Out",
          "type": "*",
          "links": []
        }
      ],
      "title": "RUN COUNT",
      "properties": {
        "Node name for S&R": "H4_SmartConsole"
      },
      "widgets_values": [
        true,
        "[06:20:59] 🔥 TYPE: int\nValue: 3"
      ]
    },
    {
      "id": 264,
      "type": "H4_ImageBuffer",
      "pos": [
        -1360.1758817300035,
        -662.597414759511
      ],
      "size": [
        216.8619140625,
        26
      ],
      "flags": {},
      "order": 24,
      "mode": 0,
      "inputs": [
        {
          "name": "image_in",
          "shape": 7,
          "type": "*",
          "link": 383
        }
      ],
      "outputs": [
        {
          "name": "buffered_data",
          "type": "*",
          "links": [
            384
          ]
        }
      ],
      "properties": {
        "Node name for S&R": "H4_ImageBuffer"
      }
    }
  ],
  "links": [
    [
      294,
      223,
      1,
      220,
      0,
      "CLIP"
    ],
    [
      295,
      223,
      1,
      221,
      0,
      "CLIP"
    ],
    [
      297,
      218,
      0,
      224,
      0,
      "LATENT"
    ],
    [
      298,
      224,
      0,
      167,
      0,
      "IMAGE"
    ],
    [
      316,
      223,
      0,
      234,
      1,
      "MODEL"
    ],
    [
      317,
      223,
      1,
      234,
      3,
      "CLIP"
    ],
    [
      318,
      223,
      2,
      234,
      2,
      "VAE"
    ],
    [
      319,
      220,
      0,
      234,
      4,
      "CONDITIONING"
    ],
    [
      320,
      221,
      0,
      234,
      5,
      "CONDITIONING"
    ],
    [
      321,
      222,
      0,
      234,
      6,
      "LATENT"
    ],
    [
      342,
      242,
      5,
      244,
      0,
      "LATENT"
    ],
    [
      343,
      244,
      0,
      218,
      3,
      "LATENT"
    ],
    [
      344,
      247,
      0,
      248,
      0,
      "LATENT"
    ],
    [
      345,
      248,
      0,
      246,
      0,
      "IMAGE"
    ],
    [
      346,
      242,
      1,
      248,
      1,
      "VAE"
    ],
    [
      347,
      242,
      0,
      247,
      0,
      "MODEL"
    ],
    [
      348,
      242,
      3,
      247,
      1,
      "CONDITIONING"
    ],
    [
      349,
      242,
      4,
      247,
      2,
      "CONDITIONING"
    ],
    [
      366,
      242,
      8,
      250,
      0,
      "*"
    ],
    [
      367,
      234,
      7,
      251,
      0,
      "IMAGE"
    ],
    [
      368,
      234,
      4,
      252,
      0,
      "CONDITIONING"
    ],
    [
      369,
      234,
      3,
      253,
      0,
      "CLIP"
    ],
    [
      370,
      234,
      1,
      254,
      0,
      "MODEL"
    ],
    [
      371,
      234,
      2,
      255,
      0,
      "VAE"
    ],
    [
      372,
      234,
      5,
      256,
      0,
      "CONDITIONING"
    ],
    [
      373,
      234,
      6,
      257,
      0,
      "LATENT"
    ],
    [
      374,
      234,
      0,
      258,
      0,
      "H4_PIPE"
    ],
    [
      375,
      252,
      0,
      218,
      1,
      "CONDITIONING"
    ],
    [
      376,
      254,
      0,
      218,
      0,
      "MODEL"
    ],
    [
      377,
      255,
      0,
      224,
      1,
      "VAE"
    ],
    [
      378,
      256,
      0,
      218,
      2,
      "CONDITIONING"
    ],
    [
      379,
      258,
      0,
      242,
      0,
      "H4_PIPE"
    ],
    [
      380,
      259,
      0,
      260,
      0,
      "STRING"
    ],
    [
      382,
      261,
      0,
      263,
      0,
      "INT"
    ],
    [
      383,
      218,
      0,
      264,
      0,
      "LATENT"
    ],
    [
      384,
      264,
      0,
      247,
      3,
      "LATENT"
    ]
  ],
  "groups": [],
  "config": {},
  "extra": {
    "ds": {
      "scale": 0.3186308177103567,
      "offset": [
        4323.036839799535,
        2759.6561515650887
      ]
    },
    "workflowRendererVersion": "LG",
    "frontendVersion": "1.35.9"
  },
  "version": 0.4
}